[{"code":"ICT10001", "desc":"Problem Solving with ICT", "cp":"12.5", "type":"Core"},
{"code":"COS10005", "desc":"Web Development", "cp":"12.5", "type":"Core"},
{"code":"INF10002", "desc":"Database Analysis and Design", "cp":"12.5", "type":"Core"},
{"code":"COS10009", "desc":"Introduction to Programming", "cp":"12.5", "type":"Core"},
{"code":"COS20001", "desc":"User-Centred Design", "cp":"12.5", "type":"Software Development"},
{"code":"TNE10005", "desc":"Network Administration", "cp":"12.5", "type":"Software Development"},
{"code":"COS20016", "desc":"Operating System Configuration", "cp":"12.5", "type":"Software Development"},
{"code":"INF20012", "desc":"Enterprise Systems", "cp":"12.5", "type":"Systems Analysis"},
{"code":"ACC10007", "desc":"Financial Information for Decision Making", "cp":"12.5", "type":"Systems Analysis"},
{"code":"INF20003", "desc":"Requirements Analysis and Modelling", "cp":"12.5", "type":"Systems Analysis"},
{"code":"ACC20014", "desc":"Management Decision Making", "cp":"12.5", "type":"Systems Analysis"},
{"code":"INF30001", "desc":"Systems Acquisition & Implementation Management", "cp":"12.5", "type":"Systems Analysis"}
]